id,ingredient_name,group_name,water_g,energy_kcal,protein_g,fat_g,ash_g,cho_g,fiber_g,calcium_mg,iron_mg,magnesium_mg,phosphorus_mg,potassium_mg,sodium_mg,zinc_mg,copper_mg,iodine_mg,selenium_mg,thiamin_mg,riboflavin_mg,niacin_mg,pantothenic_acid_mg,vitamin_b6_mg,folate_ug,choline_mg,vitamin_b12_ug,vitamin_a_iu,vitamin_e_mg,vitamin_d_iu,pufa_18_2_g,pufa_18_3_g,pufa_20_5_g,pufa_22_6_g,tryptophan_g,threonine_g,isoleucine_g,leucine_g,lysine_g,methionine_g,cystine_g,phenylalanine_g,tyrosine_g,valine_g,arginine_g,histidine_g
119,"Chicken leg, meat and skin, no bones",Meat Group B,67.3,666.6666667,50.1529052,48.92966361,2.47706422,0.0,0.0,27.52293578,2.110091743,58.10397554,474.0061162,620.795107,256.8807339,4.495412844,0.165137615,0,0.055045872,0.22324159,0.431192661,14.4648318,3.039755352,0.972477064,0.012232416,0.0,0.001712538,281.3455657,0.672782875,6.116207951,9.143730887,0.474006116,0.0,0.0,0.52293578,2.229357798,2.26911315,4.006116208,4.403669725,1.342507645,0.577981651,1.929663609,1.755351682,2.348623853,3.486238532,
3,Rice bran,Fiber,6.13,336.6357729,14.27506125,22.15830404,10.63172473,30.57419836,22.37136465,60.72227549,19.70810696,832.0017045,1789.709172,1576.648557,5.326515394,6.434430596,0.775540641,0,0.016618728,2.929583466,0.302546074,36.22030468,7.872589752,4.33578353,67.114094,34.30275913,0.0,0.0,5.241291147,0.0,7.606263982,0.336635773,0.0,0.0,0.115052733,0.591243209,0.605092149,1.08660914,0.692447001,0.325982742,0.337701076,0.676467455,0.437839565,0.938532012,1.129221263,0.3569
4,Beef liver,Organ Meat (Liver),70.8,462.329,69.863,12.432,4.486,13.322,0.0,17.123,16.781,61.64383562,1325.342466,1071.917808,236.3013699,13.69863014,19.62,0,0.135958904,0.647260274,9.452054795,45.20547945,24.55479452,3.698630137,0.993150685,1140.410959,0.20382192,57876.71233,1.301369863,167.8082192,1.023972603,0.054794521,0.0,0.0,0.900684932,2.976027397,3.311643836,6.54109589,5.51369863,1.859589041,1.287671233,3.698630137,2.76369863,4.315068493,4.246575342,1.7466
5,Beef heart,Organ Meat,77.1,489.083,77.293,17.205,4.803,0.611,0.0,30.568,18.821,91.70305677,925.7641921,1253.275109,427.9475983,7.423580786,1.729257642,0,0.095196507,1.03930131,3.956331878,32.88209607,7.816593886,1.218340611,0.013100437,0.0,0.037336245,0.0,0.96069869,0.0,1.72489083,0.069868996,0.0,0.0,0.0,0.0,0.0,0.0,0.0,0.0,0.0,0.0,0.0,0.0,0.0,1.9323
6,Zucchini with skin,Vegetable A,94.8,326.923,23.269,6.154,11.154,40.577,19.231,307.692,7.115,346.1538462,730.7692308,5019.230769,153.8461538,6.153846154,1.019230769,0,0.003846154,0.865384615,1.807692308,8.673076923,3.923076923,3.134615385,0.461538462,182.6923077,0.0,3846.153846,2.307692308,0.0,0.576923077,1.173076923,0.0,0.0,0.192307692,0.557692308,0.846153846,1.365384615,1.288461538,0.346153846,0.230769231,0.826923077,0.615384615,1.038461538,0.980769231,0.5817
7,Spinach,Vegetable B,91.4,267.442,33.256,4.535,20.0,16.628,25.581,1151.163,31.512,918.6046512,569.7674419,6488.372093,918.6046512,6.162790698,1.511627907,0,0.011627907,0.906976744,2.197674419,8.418604651,0.755813953,2.26744186,2.255813953,224.4186047,0.0,109069.7674,23.60465116,0.0,0.302325581,1.604651163,0.0,0.0,0.453488372,1.418604651,1.709302326,2.593023256,2.023255814,0.61627907,0.406976744,1.5,1.255813953,1.872093023,1.88372093,0.8314
8,Almond oil,Oil,0.0,884.0,0.0,100.0,0.0,0.0,0.0,0.0,0.0,0.0,0.0,0.0,0.0,0.0,0.0,0,0.0,0.0,0.0,0.0,0.0,0.0,0.0,0.0,0.0,0.0,39.2,0.0,17.4,0.0,0.0,0.0,0.0,0.0,0.0,0.0,0.0,0.0,0.0,0.0,0.0,0.0,0.0,0.0
9,"Apple, with Skin",Fruit,85.6,361.111,1.806,1.181,1.319,79.167,16.667,41.667,0.833,34.72222222,76.38888889,743.0555556,6.944444444,0.277777778,0.1875,0,0.0,0.118055556,0.180555556,0.631944444,0.423611111,0.284722222,0.266666667,23.61111111,0.0,375.0,1.25,0.0,0.298611111,0.0625,0.0,0.0,0.006944444,0.041666667,0.041666667,0.090277778,0.083333333,0.006944444,0.006944444,0.041666667,0.006944444,0.083333333,0.041666667,0.0452
10,Blueberry,Fruit,84.2,360.759,4.684,2.089,1.519,76.582,15.19,37.975,1.772,37.97468354,75.94936709,487.3417722,6.329113924,1.012658228,0.360759494,0,0.000632911,0.234177215,0.259493671,2.64556962,0.784810127,0.329113924,0.007874016,37.97468354,0.0,341.7721519,3.607594937,0.0,0.556962025,0.367088608,0.0,0.0,0.018987342,0.126582278,0.14556962,0.278481013,0.082278481,0.075949367,0.050632911,0.164556962,0.056962025,0.196202532,0.234177215,0.1171
11,Psyllium husk,Fiber,0.0,0.0,0.0,0.0,2.0,0.0,78.0,184.0,8.6,23.9,111.0,967.0,74.0,0.29,0.0,0,0.0,0.0,0.0,0.0,0.0,0.0,0.0,0.0,0.0,0.0,0.0,0.0,0.0,0.0,0.0,0.0,0.0,0.0,0.0,0.0,0.0,0.0,0.0,0.0,0.0,0.0,0.0,0.0
12,Coconut oil,Oil,0.0,884.0,0.0,100.0,0.0,0.0,0.0,0.0,0.0,0.0,0.0,0.0,0.0,0.0,0.0,0,0.0,0.0,0.0,0.0,0.0,0.0,0.0,0.0,0.0,0.0,0.11,0.0,1.68,0.02,0.0,0.0,0.0,0.0,0.0,0.0,0.0,0.0,0.0,0.0,0.0,0.0,0.0,0.0
53,"Chicken breast, no skin",Meat Group A,73.9,459.7701,86.206894,10.038314,4.329502,0.0,0.0,19.157087,1.4176245,107.2796935,816.091954,1279.693487,172.4137931,2.605363985,0.141762452,0,0.087356322,0.360153257,0.67816092,36.7816092,5.747126437,3.107279693,0.034482759,314.559387,0.000804598,114.9425287,2.14559387,3.831417625,1.222222222,0.049808429,0.011494253,0.01532567,1.084291188,3.869731801,4.214559387,7.126436782,8.275862069,2.24137931,0.904214559,3.478927203,3.103448276,4.444444444,5.823754789,2.1552
118,"Chicken wing, meat only",Meat Group A,75.0,504.0,88.0,14.16,3.32,0.0,0.0,52.0,3.52,88.0,620.0,776.0,324.0,6.52,0.164,0,0.071,0.236,0.404,29.44,3.344,2.12,0.016,0.0,0.002,236.0,0.52,20.0,1.88,0.08,0.0,0.0,1.028,3.712,4.64,6.6,7.48,2.432,1.124,3.488,2.968,4.36,5.28,
16,"Turkey breast, no skin",Meat Group A,74.9,454.18326,94.42231,5.8964143,4.1434264,0.55776894,0.0,43.8247,2.9083664,111.5537849,800.7968127,964.1434263,450.1992032,5.099601594,0.278884462,0,0.090438247,0.167330677,0.577689243,39.52191235,3.087649402,3.239043825,0.027888446,244.2231076,0.00250996,79.6812749,0.239043825,19.92031873,0.796812749,0.035856574,0.0,0.011952191,1.003984064,3.422310757,2.701195219,6.533864542,7.768924303,2.466135458,0.888446215,3.039840637,2.800796813,3.011952191,5.338645418,2.3606
54,"Pork loin, lean boneless",Meat Group A,73.3,494.3820225,83.89513109,15.20599251,3.782771536,0.0,0.0,18.72659176,2.02247191,97.37827715,842.6966292,1400.749064,183.5205993,6.741573034,0.217228464,0,0.103745318,1.65917603,0.700374532,21.49812734,2.790262172,2.827715356,0.00936,222.8464419,0.001910112,0.0,0.486891386,59.92509363,1.307116105,0.048689139,0.0,0.0,0.883895131,3.745318352,4.119850187,7.153558052,7.790262172,2.310861423,0.966292135,3.524344569,3.191011236,4.382022472,5.580524345,2.0974
13,"Beef, 97% Lean",Meat Group A,74.8,480.15872,87.30159,11.904762,4.2460318,0.0,0.0,31.74603,9.68254,87.3015873,805.5555556,1416.666667,261.9047619,20.67460317,0.317460317,0,0.070238095,0.162698413,0.599206349,22.46031746,2.670634921,1.591269841,0.01587302,288.8888889,0.008968254,55.55555556,0.674603175,11.9047619,0.611111111,0.126984127,0.0,0.0,0.444444444,3.376984127,3.857142857,6.825396825,7.222222222,2.246031746,0.896825397,3.404761905,2.686507937,4.285714286,5.674603175,2.1825
124,"Lamb, 95% lean",Meat Group A,74.4,492.188,82.422,18.125,4.219,0.0,0.0,42.969,6.406,93.75,773.438,1367.188,250.0,12.344,0.465,0,0.052,0.684,0.676,20.469,2.16,0.535,0.0,0.0,0.006,35.156,0.547,3.906,0.695,0.254,0.0,0.0,0.91,3.945,3.691,6.367,7.188,2.688,1.078,3.246,2.855,4.219,5.547,
94,Alaska Pollock (fish),Meat Group A,80.4,397.9591837,88.26530612,5.051020408,6.224489796,0.0,0.0,204.0816327,1.224489796,116.3265306,1137.755102,1801.020408,586.7346939,2.193877551,0.494897959,0,0.137755102,0.43877551,0.530612245,7.551020408,1.275510204,0.617346939,0.051020408,0.0,0.008979592,51.02040816,1.173469388,260.0,0.030612245,0.020408163,0.857142857,1.209183673,0.704081633,2.617346939,2.87755102,5.306122449,6.479591837,2.147959184,0.795918367,2.530612245,2.352040816,3.091836735,4.102040816,
95,Haddock (fish),Meat Group A,83.4,415.6626506,92.1686747,2.710843373,7.710843373,0.0,0.0,66.26506024,1.024096386,127.1084337,1367.46988,1722.891566,1283.13253,1.927710843,0.126506024,0,0.156024096,0.120481928,0.343373494,20.24096386,2.427710843,1.692771084,0.0,0.0,0.013,0.0,2.710843373,108.4337349,0.084337349,0.012048193,0.253012048,0.536144578,0.831325301,3.090361446,3.397590361,6.265060241,7.65060241,2.536144578,0.939759036,2.987951807,2.777108434,3.65060241,4.843373494,
14,Salmon,Meat Group A,75.5,518.3674,83.67347,17.959183,6.2040815,0.0,0.0,28.571428,1.5510204,110.2040816,1065.306122,1493.877551,306.122449,1.591836735,0.257142857,0,0.128163265,0.326530612,0.428571429,32.65306122,4.204081633,2.493877551,0.016326531,386.122449,0.016938776,477.5510204,1.632653061,1775.510204,0.330612245,0.191836735,0.742857143,1.359183673,0.902040816,4.367346939,3.893877551,6.367346939,7.183673469,2.355102041,0.648979592,3.448979592,3.028571429,4.489795918,5.265306122,2.0918
24,"Chicken thigh, with skin",Meat Group B,66.5,659.7015,49.25373,49.55224,2.4179103,0.74626863,0.0,20.895523,2.0298507,53.73134328,468.6567164,608.9552239,241.7910448,3.850746269,0.16119403,0,0.05641791,0.217910448,0.432835821,13.79104478,0.567164179,1.035820896,0.008955224,136.4179104,0.001850746,232.8358209,0.626865672,8.955223881,9.253731343,0.48358209,0.011940299,0.020895522,0.498507463,2.194029851,2.182089552,3.940298507,4.328358209,1.307462687,0.546268657,1.886567164,1.728358209,2.280597015,3.462686567,1.2313
117,"Chicken wing, with skin, no bones",Meat Group B,69.2,620.13,56.818,41.558,2.435,0.0,0.0,35.714,1.494,51.948,399.351,607.143,272.727,3.929,0.11,0,0.057,0.175,0.334,18.506,2.078,1.714,0.023,0.0,0.001,94.156,2.078,16.234,7.24,0.367,0.0,0.0,0.718,2.552,2.789,4.708,5.455,1.481,0.594,2.295,2.049,2.945,3.831,
96,Pork (ground),Meat Group B,61.1,676.092545,43.44473008,54.49871465,2.236503856,0.0,0.0,35.98971722,2.262210797,48.84318766,449.8714653,737.7892031,143.9588689,5.655526992,0.115681234,0,0.063239075,1.881748072,0.604113111,11.15681234,1.71722365,0.984575835,0.011,0.0,0.002,17.99485861,0.0,0.0,4.293059126,0.179948586,0.0,0.0,0.550128535,1.982005141,2.030848329,3.470437018,3.907455013,1.149100257,0.552699229,1.732647815,1.434447301,2.354755784,2.699228792,
1,"Beef, 90% Lean",Meat Group B,69.4,575.1634,65.359474,32.679737,3.2026143,0.0,0.0,39.215687,7.3202615,65.35947712,601.3071895,1049.019608,215.6862745,15.65359477,0.235294118,0,0.054248366,0.137254902,0.493464052,16.56862745,1.964052288,1.205882353,0.01960784,216.0130719,0.007222222,45.75163399,0.555555556,9.803921569,0.859477124,0.150326797,0.0,0.0,0.333333333,2.532679739,2.892156863,5.098039216,5.424836601,1.683006536,0.673202614,2.552287582,2.013071895,3.212418301,4.248366013,1.634
120,"Chicken leg, meat only",Meat Group C,76.4,508.4745763,81.3559322,17.88135593,4.025423729,0.0,0.0,42.37288136,3.305084746,97.45762712,762.7118644,1008.474576,406.779661,7.457627119,0.254237288,0,0.088983051,0.368644068,0.758474576,23.6440678,4.957627119,1.720338983,0.016949153,0.0,0.002415254,135.5932203,0.762711864,4.237288136,3.190677966,0.152542373,0.0,0.0,0.919491525,3.792372881,3.923728814,6.822033898,7.584745763,2.313559322,0.957627119,3.241525424,3.012711864,3.953389831,5.593220339,
81,"Chicken thigh, no skin",Meat Group C,72.9,542.4354244,68.63468635,29.22509225,3.542435424,0.0,0.0,22.1402214,2.21402214,80.44280443,656.8265683,1003.690037,228.7822878,4.981549815,0.15498155,0,0.04797048,0.346863469,0.653136531,35.42435424,5.535055351,2.992619926,0.033210332,302.9520295,0.000774908,110.701107,2.066420664,3.6900369,1.177121771,0.04797048,0.011070111,0.014760148,1.044280443,3.726937269,4.05904059,6.863468635,7.970479705,2.158671587,0.870848708,3.350553506,2.988929889,4.280442804,5.608856089,
121,Turkey (ground),Meat Group C,72.4,536.2318841,71.37681159,27.75362319,3.623188406,0.0,0.0,68.84057971,3.949275362,83.33333333,724.6376812,858.6956522,210.1449275,8.514492754,0.347826087,0,0.079347826,0.239130435,0.565217391,24.38405797,3.597826087,2.043478261,0.025362319,0.0,0.003623188,239.1304348,0.326086957,50.72463768,6.992753623,0.391304348,0.0,0.0,0.807971014,3.264492754,3.188405797,5.869565217,6.376811594,2.094202899,0.753623188,2.77173913,2.52173913,3.297101449,5.18115942,
30,"Pork loin, boneless",Meat Group C,70.1,555.18396,71.23746,27.859531,3.244147,0.0,0.0,23.411371,1.7725753,80.26755853,722.4080268,1197.324415,157.1906355,5.785953177,0.18729097,0,0.088628763,1.424749164,0.605351171,18.62876254,2.414715719,2.401337793,0.00669,191.638796,0.00180602,16.72240803,0.401337793,70.23411371,3.053511706,0.137123746,0.0,0.0,0.752508361,3.204013378,3.511705686,6.086956522,6.622073579,1.966555184,0.822742475,3.0,2.715719064,3.745819398,4.74916388,1.7809
29,Pork shoulder lean,Meat Group C,72.6,540.146,71.532845,26.058393,3.7226276,0.0,0.0,51.09489,4.4525547,76.64233577,737.2262774,1244.525547,277.3722628,11.45985401,0.354014599,0,0.107664234,3.226277372,1.145985401,15.62043796,3.0,1.51459854,0.018248175,0.0,0.003065693,21.89781022,0.0,0.0,2.262773723,0.109489051,0.0,0.0,0.905109489,3.259124088,3.339416058,5.729927007,6.423357664,1.890510949,0.908759124,2.846715328,2.48540146,3.868613139,4.452554745,1.7883
31,Trout (fish),Meat Group C,73.8,538.16797,75.9542,23.587786,4.6183205,0.0,0.0,95.419846,1.1832061,95.41984733,862.5954198,1438.931298,194.6564885,1.717557252,0.175572519,0,0.090076336,0.458015267,0.34351145,21.25954198,6.374045802,1.297709924,0.041984733,248.0916031,0.016412214,1068.70229,8.93129771,2423.664122,1.877862595,0.255725191,0.828244275,1.969465649,0.893129771,3.492366412,3.671755725,6.488549618,7.328244275,2.358778626,0.854961832,3.110687023,2.687022901,4.122137405,4.770992366,1.8989
32,Beef tongue,Organ Meat,64.5,630.9859,41.971832,45.35211,2.2535212,10.366198,0.0,16.90141,8.309859,45.07042254,374.6478873,887.3239437,194.3661972,8.084507042,0.478873239,0,0.026478873,0.352112676,0.957746479,11.94366197,1.83943662,0.873239437,0.01971831,0.0,0.010676056,0.0,0.0,0.0,1.633802817,0.0,0.0,0.0,0.321126761,1.825352113,1.805633803,3.126760563,3.23943662,0.887323944,0.549295775,1.732394366,1.357746479,2.008450704,2.673239437,1.0493
33,Chicken liver,Organ Meat (Liver),76.5,506.38297,71.914894,20.553192,4.510638,3.106383,0.0,34.042553,38.255318,80.85106383,1263.829787,978.7234043,302.1276596,11.36170213,2.093617021,0,0.232340426,1.29787234,7.574468085,41.40425532,26.5106383,3.629787234,2.50212766,825.5319149,0.070638298,47234.04255,2.978723404,0.0,2.021276596,0.05106383,0.0,0.0,0.74893617,3.085106383,3.459574468,6.425531915,5.659574468,1.838297872,1.157446809,3.506382979,2.778723404,4.246808511,4.638297872,1.7979
34,"Chicken heart,",Organ Meat,73.6,579.5455,59.090908,35.340908,3.219697,2.689394,0.0,45.454544,22.575758,56.81818182,670.4545455,666.6666667,280.3030303,24.96212121,1.310606061,0,0.016287879,0.575757576,2.757575758,18.48484848,9.696969697,1.363636364,0.2727273,0.0,0.027613636,113.6363636,0.0,0.0,7.234848485,0.265151515,0.0,0.0,0.753787879,2.666666667,3.15530303,5.151515152,4.924242424,1.424242424,0.799242424,2.636363636,2.109848485,3.333333333,3.776515152,1.4773
35,Chicken gizzards,Organ Meat,79.3,454.1063,85.50725,9.951691,4.589372,0.0,0.0,53.140095,12.028986,72.46376812,714.9758454,1144.927536,333.3333333,13.14009662,0.560386473,0,0.123188406,0.1352657,1.115942029,17.77777778,3.048309179,0.541062802,0.024154589,5.845410628,0.309178744,1.594202899,0.0,0.0,1.188405797,0.014492754,0.0,0.0,0.0,0.0,0.0,0.0,0.0,0.0,0.0,0.0,0.0,0.0,0.0,2.1377
36,Beef kidney,Organ Meat,77.9,447.9638,78.73303,13.9819,6.0181,1.3122172,0.0,58.82353,20.81448,76.92307692,1162.895928,1185.520362,823.5294118,8.687782805,1.92760181,0,0.63800905,1.615384615,12.85067873,36.33484163,17.9638009,3.009049774,0.443438914,0.0,0.124434389,6334.841629,0.995475113,203.6199095,1.321266968,0.058823529,0.0,0.0,0.0,0.0,0.0,0.0,0.0,0.0,0.0,0.0,0.0,0.0,0.0,1.9683
37,Quinoa,Grain A,13.3,424.45215,16.262976,7.0011535,2.745098,65.974625,8.073818,54.20992,5.2710495,227.2202999,527.1049596,649.3656286,5.767012687,3.575547866,0.680507497,0,0.009803922,0.415224913,0.366782007,1.753171857,0.890426759,0.561707036,0.212226067,80.96885813,0.0,16.14763552,2.814302191,0.0,3.437139562,0.29988466,0.0,0.054209919,0.192618224,0.485582468,0.581314879,0.968858131,0.883506344,0.356401384,0.234140715,0.683967705,0.307958478,0.685121107,1.257208766,0.4066
38,"Tapioca, pearl dry",Grain A,11.0,402.2472,0.21348314,0.02247191,0.123595506,98.65169,1.011236,22.47191,1.775281,1.123595506,7.865168539,12.35955056,1.123595506,0.134831461,0.02247191,0,0.000898876,0.004494382,0.0,0.0,0.151685393,0.008988764,0.004494382,1.348314607,0.0,0.0,0.0,0.0,0.002247191,0.001123596,0.0,0.0,0.003370787,0.004494382,0.004494382,0.006741573,0.006741573,0.002247191,0.004494382,0.004494382,0.002247191,0.005617978,0.021348315,0.0053
39,Pumpkin,Vegetable A,91.6,309.5238,11.904762,1.1904762,9.523809,71.42857,5.952381,250.0,9.523809,142.8571429,523.8095238,4047.619048,11.9047619,3.80952381,1.511904762,0,0.003571429,0.595238095,1.30952381,7.142857143,3.547619048,0.726190476,0.19047619,97.61904762,0.0,101309.5238,12.61904762,0.0,0.023809524,0.035714286,0.0,0.0,0.142857143,0.345238095,0.369047619,0.547619048,0.642857143,0.130952381,0.035714286,0.380952381,0.5,0.416666667,0.642857143,0.2976
40,Carrots,Vegetable A,88.3,350.42734,7.948718,2.0512822,8.290598,57.94872,23.931623,282.05127,2.5641026,102.5641026,299.1452991,2735.042735,589.7435897,2.051282051,0.384615385,0,0.000854701,0.564102564,0.495726496,8.401709402,2.333333333,1.179487179,0.162393162,75.21367521,0.0,142735.0427,5.641025641,0.0,0.854700855,0.017094017,0.0,0.0,0.102564103,1.632478632,0.658119658,0.871794872,0.863247863,0.170940171,0.709401709,0.521367521,0.367521368,0.58974359,0.777777778,0.1987
41,Green peas,Vegetable B,78.9,383.88626,25.687204,1.8957345,4.123223,41.232227,27.014217,118.48341,6.9668245,156.3981043,511.8483412,1156.398104,23.69668246,5.876777251,0.834123223,0,0.008530806,1.260663507,0.625592417,9.90521327,0.492890995,0.800947867,0.308056872,134.5971564,0.0,3625.592417,0.616113744,0.0,0.720379147,0.165876777,0.0,0.0,0.17535545,0.962085308,0.924170616,1.530805687,1.502369668,0.388625592,0.151658768,0.947867299,0.54028436,1.113744076,2.028436019,0.6422
42,Green beans,Vegetable B,90.3,319.58762,18.86598,2.2680411,6.804124,44.02062,27.835052,381.4433,10.618557,257.7319588,391.7525773,2175.257732,61.8556701,2.474226804,0.711340206,0,0.006185567,0.845360825,1.072164948,7.567010309,2.319587629,1.453608247,0.340206186,157.7319588,0.0,7113.402062,4.226804124,0.0,0.453608247,0.711340206,0.0,0.0,0.195876289,0.81443299,0.680412371,1.154639175,0.907216495,0.226804124,0.18556701,0.690721649,0.432989691,0.927835052,0.75257732,0.4716
43,Celery,Vegetable B,95.4,304.34784,15.0,3.6956522,16.304348,29.782608,34.782608,869.56525,4.347826,239.1304348,521.7391304,5652.173913,1739.130435,2.826086957,0.760869565,0,0.008695652,0.456521739,1.239130435,6.956521739,5.347826087,1.608695652,0.782608696,132.6086957,0.0,9760.869565,5.869565217,0.0,1.717391304,0.0,0.0,0.0,0.195652174,0.434782609,0.456521739,0.695652174,0.586956522,0.108695652,0.086956522,0.434782609,0.195652174,0.586956522,0.434782609,0.375
44,Sunflower oil,Oil,0.0,884.0,0.0,100.0,0.0,0.0,0.0,0.0,0.0,0.0,0.0,0.0,0.0,0.0,0.0,0,0.0,0.0,0.0,0.0,0.0,0.0,0.0,0.0,0.0,41.1,0.0,65.7,0.0,0.0,0.0,0.0,0.0,0.0,0.0,0.0,0.0,0.0,0.0,0.0,0.0,0.0,0.0,0.0
45,Flaxseed oil,Oil,0.0,884.0,0.0,100.0,0.0,0.0,0.0,0.0,0.0,0.0,0.0,0.0,0.0,0.0,0.0,0,0.0,0.0,0.0,0.0,0.0,0.0,0.0,0.0,0.0,0.47,0.0,14.3,54.3,0.0,0.0,0.0,0.0,0.0,0.0,0.0,0.0,0.0,0.0,0.0,0.0,0.0,0.0,0.0
47,Avocado oil,Oil,0.0,884.0,0.0,100.0,0.0,0.0,0.0,0.0,0.0,0.0,0.0,0.0,0.0,0.0,0.0,0,0.0,0.0,0.0,0.0,0.0,0.0,0.0,0.0,0.0,0.0,12.5,0.97,0.0,0.0,0.0,0.0,0.0,0.0,0.0,0.0,0.0,0.0,0.0,0.0,0.0,0.0,0.0,0.0
48,Strawberry,Fruit,91.0,355.55554,7.4444447,3.3333333,4.4444447,63.11111,22.222221,177.77777,4.5555553,144.4444444,266.6666667,1700.0,11.11111111,1.555555556,0.533333333,0,0.004444444,0.266666667,0.244444444,4.288888889,1.388888889,0.522222222,0.079681275,63.33333333,0.0,133.3333333,3.222222222,0.0,1.0,0.722222222,0.0,0.0,0.088888889,0.222222222,0.177777778,0.377777778,0.288888889,0.022222222,0.066666667,0.211111111,0.244444444,0.211111111,0.311111111,0.1861
49,Cranberries,Fruit,87.3,362.2047,3.6220472,1.023622,0.9448819,66.14173,28.346457,62.992126,1.8110236,47.24409449,86.61417323,629.9212598,15.7480315,0.708661417,0.440944882,0,0.000787402,0.094488189,0.157480315,0.795275591,2.322834646,0.448818898,0.260606061,43.30708661,0.0,496.0629921,10.39370079,0.0,0.25984252,0.173228346,0.0,0.0,0.023622047,0.220472441,0.25984252,0.417322835,0.307086614,0.023622047,0.023622047,0.283464567,0.251968504,0.354330709,0.440944882,0.0906
50,Banana,Fruit,74.9,354.58167,4.3426294,1.314741,3.2669322,80.47809,10.358565,19.920319,1.0358566,107.5697211,87.64940239,1426.294821,3.984063745,0.597609562,0.310756972,0,0.003984064,0.123505976,0.290836653,2.64940239,1.330677291,1.462151394,0.128571429,39.0438247,0.0,0.0,254.9800797,0.398406375,0.183266932,0.107569721,0.0,0.0,0.035856574,0.111553785,0.111553785,0.270916335,0.199203187,0.03187251,0.035856574,0.195219124,0.035856574,0.187250996,0.195219124,0.1086
51,Mangos,Fruit,83.5,363.63635,4.969697,2.3030303,2.1818182,81.21212,9.69697,66.666664,0.969697,60.60606061,84.84848485,1018.181818,6.060606061,0.545454545,0.672727273,0,0.003636364,0.16969697,0.23030303,4.054545455,1.193939394,0.721212121,0.147887324,46.06060606,0.0,6545.454545,5.454545455,0.0,0.115151515,0.309090909,0.0,0.0,0.078787879,0.187878788,0.175757576,0.303030303,0.4,0.048484848,0.0,0.163636364,0.096969697,0.254545455,0.187878788,0.1242
52,Pineapple,Fruit,86.0,357.14285,3.857143,0.85714287,1.5714285,83.57143,10.0,92.85714,2.0714285,85.71428571,57.14285714,778.5714286,7.142857143,0.857142857,0.785714286,0,0.000714286,0.564285714,0.228571429,3.571428571,1.521428571,0.8,0.128571,39.28571429,0.0,414.2857143,0.142857143,0.0,0.164285714,0.121428571,0.0,0.0,0.035714286,0.135714286,0.135714286,0.171428571,0.185714286,0.085714286,0.1,0.15,0.135714286,0.171428571,0.135714286,0.0964
15,Talipia (fish),Meat Group A,78.1,438.35617,91.78082,7.762557,4.2465754,0.0,0.0,45.6621,2.5570776,123.2876712,776.2557078,1378.995434,237.4429224,1.506849315,0.342465753,0,0.191780822,0.365296804,0.479452055,36.52968037,4.703196347,2.789954338,0.01826484,431.9634703,0.018949772,534.2465753,1.826484018,566.2100457,0.721461187,0.150684932,0.02283105,0.392694064,1.00913242,4.885844749,4.356164384,7.123287671,8.03652968,2.634703196,0.726027397,3.858447489,3.388127854,5.02283105,5.890410959,2.2945
21,Shrimp,Meat Group A,83.0,417.64706,80.0,5.9411764,10.941176,5.352941,0.0,317.64706,1.2352941,129.4117647,1435.294118,664.7058824,3329.411765,5.705882353,1.070588235,0,0.174117647,0.117647059,0.088235294,10.47058824,1.823529412,0.947058824,0.111764706,475.8823529,0.006529412,1058.823529,7.764705882,11.76470588,0.558823529,0.035294118,0.4,0.411764706,0.911764706,3.176470588,3.688235294,6.823529412,7.647058824,2.335294118,0.952941176,3.488235294,3.029411765,3.747058824,7.882352941,2.0
55,Kale,Vegetable B,89.6,336.5384615,28.07692308,14.32692308,14.80769231,3.076923077,39.42307692,2442.307692,15.38461538,317.3076923,528.8461538,3346.153846,509.6153846,3.75,0.509615385,0,0.008653846,1.086538462,3.336538462,11.34615385,3.557692308,1.413461538,0.596153846,4.807692308,0.0,46250.0,6.346153846,0.0,2.798076923,3.634615385,0.0,0.0,0.336538462,1.259615385,1.682692308,1.971153846,1.682692308,0.278846154,0.365384615,1.442307692,0.990384615,1.528846154,1.567307692,0.7019
56,Broccoli,Vegetable B,89.3,317.7570093,26.35514019,3.457943925,8.130841121,37.75700935,24.29906542,439.2523364,6.822429907,196.2616822,616.8224299,2953.271028,308.411215,3.831775701,0.457943925,0,0.023364486,0.663551402,1.093457944,5.971962617,5.355140187,1.635514019,0.588785047,174.7663551,0.0,5822.429907,7.289719626,0.0,0.457943925,0.588785047,0.0,0.0,0.308411215,0.822429907,0.738317757,1.205607477,1.261682243,0.355140187,0.261682243,1.093457944,0.46728972,1.168224299,1.785046729,0.6589
57,Lentils,Vegetable B,7.82,388.3705793,25.92753309,2.354089824,3.254502061,56.73681927,11.71620742,52.07203298,8.016923411,64.0052072,318.941202,724.6691256,7.593838143,3.905402473,1.410284227,0,0.0,0.55326535,0.114992406,1.627251031,0.377522239,0.43718811,0.22130614,0.0,0.0,62.92037318,0.0,0.0,0.961162942,0.271208505,0.0,0.0,0.241917987,0.970926448,1.171620742,1.963549577,1.887611195,0.229984812,0.354740725,1.334345845,0.723584292,1.345194185,2.093729659,0.6482
58,Chickpeas,Vegetable B,7.68,409.4454073,22.20537262,6.542461005,3.087088388,55.02599653,13.21490468,61.74176776,4.668544194,85.57192374,272.9636049,777.729636,25.9965338,2.989601386,0.710571924,0,0.0,0.516681109,0.229636049,1.668110919,1.722270364,0.579506066,0.603336222,107.5606586,0.0,72.57365685,0.888214905,0.0,2.848786828,0.110485269,0.0,0.0,0.216637782,0.829722704,0.955372617,1.581455806,1.494800693,0.292461005,0.302209705,1.191507799,0.554592721,0.936958406,2.101386482,0.5551
59,Brussels sprouts,Vegetable B,86.0,307.1428571,24.14285714,2.142857143,9.785714286,36.78571429,27.14285714,300.0,10.0,164.2857143,492.8571429,2778.571429,178.5714286,3.0,0.5,0,0.011428571,0.992857143,0.642857143,5.321428571,2.207142857,1.564285714,0.435714286,136.4285714,0.0,5385.714286,6.285714286,0.0,0.321428571,0.707142857,0.0,0.0,0.264285714,0.857142857,0.942857143,1.085714286,1.1,0.228571429,0.157142857,0.7,1.107142857,1.45,0.219887348,0.6036
60,Olive oil,Oil,0.0,884.0,0.0,0.0,0.0,0.0,0.0,0.0,0.0,0.0,0.0,0.0,0.0,0.0,0.0,0,0.0,0.0,0.0,0.0,0.0,0.0,0.0,0.0,0.0,0.0,0.0,20.9,0.0,9.71,0.6,0.0,0.0,0.0,0.0,0.0,0.0,0.0,0.0,0.0,0.0,0.0,0.0,0.0
61,Lamb liver,Organ Meat (Liver),70.8,465.7534247,70.89041096,16.84931507,4.657534247,7.602739726,0.0,13.69863014,15.75342466,61.64383562,1304.794521,976.0273973,202.0547945,11.64383562,39.04109589,0,0.493,4.143835616,14.41780822,46.91780822,19.07534247,0.746575342,1.404,0.0,0.202054795,176027.3973,2.945205479,0.0,0.698630137,0.503424658,0.441780822,0.558219178,0.784246575,3.380136986,3.174657534,5.479452055,6.198630137,2.311643836,0.928082192,2.79109589,2.455479452,3.595890411,4.760273973,1.7723
62,Lamb kidney,Organ Meat,81.0,442.1052632,80.0,13.36842105,6.263157895,0.157894737,0.0,42.10526316,34.73684211,84.21052632,1289.473684,1215.789474,884.2105263,9.526315789,1.9,0,0.492631579,2.173684211,6.736842105,44.36842105,16.89473684,0.910526316,0.421,0.0,0.265263158,1073.684211,2.210526316,26.31578947,0.873684211,0.263157895,0.489473684,0.189473684,0.884210526,3.821052632,3.584210526,6.210526316,7.0,2.610526316,1.047368421,3.152631579,2.773684211,4.078947368,5.368421053,2.0
63,Lamb heart,Organ Meat,76.7,523.6051502,70.81545064,24.3776824,3.991416309,0.901287554,0.0,25.75107296,19.74248927,72.96137339,751.0729614,1356.223176,381.9742489,8.025751073,1.703862661,0,0.137339056,1.587982833,4.248927039,26.35193133,11.28755365,1.673819742,0.008583691,0.0,0.043776824,0.0,0.0,0.0,1.030042918,0.557939914,0.17167382,0.128755365,0.763948498,3.334763948,3.064377682,6.008583691,5.321888412,1.549356223,0.592274678,3.055793991,2.201716738,3.515021459,4.635193133,1.7704
22,Beef 80% Lean,Meat Group B,61.9,666.6667,45.144356,52.49344,2.2047243,0.0,0.0,47.244095,5.0918636,44.61942257,414.6981627,708.6614173,173.2283465,10.97112861,0.160104987,0,0.039370079,0.112860892,0.396325459,11.1023622,1.307086614,0.847769029,0.018372703,148.0314961,0.005616798,36.74540682,0.446194226,7.874015748,1.102362205,0.170603675,0.0,0.0,0.228346457,1.745406824,1.992125984,3.517060367,3.727034121,1.160104987,0.464566929,1.758530184,1.385826772,2.215223097,2.939632546,1.1286
65,"Pumkin seeds, dried",Fiber,5.23,589.8491084,31.86662446,51.70412578,5.043790229,4.95937533,6.331117442,48.53856706,9.30674264,624.6702543,1297.879076,853.6456685,7.386303683,8.241004537,1.413949562,0,0.009918751,0.288065844,0.161443495,5.265379339,0.79138968,0.150891632,0.061200802,66.47673314,0.0,16.88297985,2.300306004,0.0,21.84235518,0.126622349,0.0,0.0,0.607787274,1.053075868,1.350638388,2.553550702,1.308430938,0.636277303,0.350321832,1.825472196,1.150153002,1.66719426,5.645246386,
66,Sunflower seed kernels,Fiber,4.73,612.9946468,21.83268605,54.05689094,3.169938071,11.96599139,9.026975963,81.87257269,5.510653931,341.1357195,692.7679227,677.0231972,9.44683531,5.248241839,1.889367062,0,0.055631363,1.553479584,0.372625171,8.754067387,1.186102656,1.406528813,0.238270179,57.83562507,0.0,52.48241839,36.94762255,0.0,24.14191246,0.062978902,0.014695077,0.0,0.365277632,0.974073685,1.196599139,1.742416291,0.983520521,0.518526294,0.473391414,1.22808859,0.699065813,1.385535845,2.519156083,
67,Chia seeds,Fiber,5.8,515.9235669,17.51592357,32.59023355,5.095541401,8.174097665,36.51804671,669.85138,8.195329087,355.626327,912.9511677,432.059448,16.985138,4.861995754,0.98089172,0,0.058598726,0.658174098,0.180467091,9.373673036,0.0,0.0,0.052016985,0.0,0.0,57.32484076,0.530785563,0.0,6.199575372,18.89596603,0.0,0.0,0.462845011,0.752653928,0.850318471,1.454352442,1.029723992,0.624203822,0.432059448,1.082802548,0.597664544,1.008492569,2.271762208,
68,"Sweet potatoes,  no skin",Grain A,77.3,378.8546256,6.916299559,0.220264317,4.36123348,75.33039648,13.21585903,132.1585903,2.68722467,110.1321586,207.0484581,1484.581498,242.2907489,1.321585903,0.665198238,0,0.002643172,0.343612335,0.268722467,2.453744493,3.524229075,0.920704846,0.04845815,54.18502203,0.0,62555.06608,1.145374449,0.0,0.057268722,0.004405286,0.0,0.0,0.136563877,0.365638767,0.242290749,0.405286344,0.290748899,0.127753304,0.0969163,0.392070485,0.149779736,0.378854626,0.242290749,
69,"Potatoes, with skin",Grain A,83.3,347.3053892,15.38922156,0.598802395,9.640718563,59.28143713,14.97005988,179.6407186,19.4011976,137.7245509,227.5449102,2473.053892,59.88023952,2.095808383,2.532934132,0,0.001796407,0.125748503,0.22754491,6.167664671,1.808383234,1.431137725,0.101796407,0.0,0.0,0.0,0.0,0.0,0.191616766,0.05988024,0.0,0.0,0.0,0.0,0.0,0.0,0.0,0.0,0.0,0.0,0.0,0.0,0.0,
27,Whitefish,Meat Group C,72.8,492.64706,70.22059,21.544117,4.117647,0.0,0.0,95.588234,1.3602941,121.3235294,992.6470588,1165.441176,187.5,3.639705882,0.264705882,0,0.046323529,0.514705882,0.441176471,11.02941176,2.757352941,1.102941176,0.055147059,238.9705882,0.003676471,441.1764706,0.735294118,1757.352941,1.0,0.672794118,1.165441176,3.459558824,0.786764706,3.077205882,3.235294118,5.698529412,6.433823529,2.077205882,0.753676471,2.738970588,2.367647059,3.613970588,4.191176471,1.7555
71,Summer Squash,Vegetable A,94.8,326.9230769,23.26923077,6.153846154,11.15384615,40.57692308,19.23076923,307.6923077,7.115384615,346.1538462,730.7692308,5019.230769,153.8461538,6.153846154,1.019230769,0,0.003846154,0.865384615,1.807692308,8.673076923,3.923076923,3.134615385,0.461538462,182.6923077,0.0,3846.153846,2.307692308,0.0,0.576923077,1.173076923,0.0,0.0,0.192307692,0.557692308,0.846153846,1.365384615,1.288461538,0.346153846,0.230769231,0.826923077,0.615384615,1.038461538,0.980769231,
72,Cauliflower ,Vegetable B,92.1,316.4556962,24.30379747,3.544303797,9.620253165,37.59493671,25.3164557,278.4810127,5.316455696,189.8734177,556.9620253,3784.810127,379.7468354,3.417721519,0.493670886,0,7.59e-05,0.632911392,0.759493671,6.417721519,8.443037975,2.329113924,0.721518987,560.7594937,0.0,0.0,0.0,0.0,0.202531646,0.189873418,0.0,0.0,0.253164557,0.962025316,0.898734177,1.341772152,2.746835443,0.253164557,0.253164557,0.82278481,0.64556962,1.582278481,1.088607595,
72,Okra,Vegetable B,89.6,317.3076923,18.55769231,1.826923077,8.269230769,40.86538462,30.76923077,788.4615385,5.961538462,548.0769231,586.5384615,2875.0,67.30769231,5.576923077,1.048076923,0,6.73e-06,1.923076923,0.576923077,9.615384615,2.355769231,2.067307692,0.576923077,118.2692308,0.0,6884.615385,2.596153846,0.0,0.25,0.009615385,0.0,0.0,0.163461538,0.625,0.663461538,1.009615385,0.778846154,0.201923077,0.182692308,0.625,0.836538462,0.875,0.807692308,
73,Raspberry,Fruit,85.8,366.1971831,8.450704225,4.577464789,3.23943662,38.02816901,45.77464789,176.056338,4.85915493,154.9295775,204.2253521,1063.380282,7.042253521,2.957746479,0.633802817,0,1.41e-05,0.225352113,0.267605634,4.211267606,2.316901408,0.387323944,0.147887324,86.61971831,0.0,232.3943662,6.126760563,0.0,1.753521127,0.887323944,0.0,0.0,0.0,0.0,0.0,0.0,0.0,0.0,0.0,0.0,0.0,0.0,0.0,
74,Pork liver,Organ Meat (Liver),71.1,463.6678201,74.04844291,12.62975779,4.982698962,8.546712803,0.0,31.14186851,80.62283737,62.28373702,996.5397924,944.6366782,301.0380623,19.93079585,2.342560554,0,0.182352941,0.979238754,10.38062284,52.94117647,23.01038062,2.387543253,1.021,0.0,0.089965398,74740.48443,0.0,0.0,1.211072664,0.103806228,0.0,0.069204152,1.041522491,3.148788927,3.737024221,6.60899654,5.709342561,1.833910035,1.397923875,3.633217993,2.522491349,4.567474048,4.567474048,
75,Pork Heart,Organ Meat,76.2,495.7983193,72.68907563,18.31932773,3.529411765,5.588235294,0.0,21.00840336,19.66386555,79.83193277,710.0840336,1235.294118,235.2941176,11.76470588,1.714285714,0,0.043697479,2.575630252,4.957983193,28.40336134,10.58823529,1.638655462,0.016806723,0.0,0.033193277,105.0420168,2.647058824,0.0,3.235294118,0.336134454,0.0,0.0,0.836134454,3.180672269,3.491596639,6.554621849,6.008403361,1.857142857,1.298319328,3.201680672,2.483193277,3.840336134,4.87394958,
76,Pork Kidney,Organ Meat,80.1,502.5125628,82.91457286,16.33165829,5.879396985,0.0,0.0,45.22613065,24.57286432,85.42713568,1025.125628,1150.753769,608.040201,13.81909548,3.125628141,0,0.954773869,1.708542714,8.542713568,41.25628141,15.72864322,2.211055276,0.211055276,0.0,0.042663317,994.9748744,0.0,0.0,0.854271357,0.050251256,0.0,0.0,1.070351759,3.427135678,4.417085427,7.43718593,5.929648241,2.688442211,1.814070352,3.904522613,2.974874372,4.763819095,5.075376884,
77,Turkey liver,Organ Meat (Liver),75.5,522.449,74.694,22.449,5.388,0.0,0.0,81.633,36.49,97.959,1138.776,873.469,534.694,13.755,3.522,0,0.28,0.841,9.184,45.714,25.633,4.245,2.76,906.122,0.080408163,109795.918,0.98,204.082,4.612,0.159,0.037,0.184,0.812,2.694,2.118,5.347,5.633,1.882,0.865,2.743,2.359,2.624,4.367,
78,Duck liver,Organ Meat (Liver),71.8,482.27,66.312,16.454,4.681,12.518,0.0,39.007,108.156,85.106,953.901,815.603,496.454,10.887,21.135,0,0.237,1.993,3.163,23.05,21.915,2.695,2.617,0.0,0.191489362,141489.362,0.0,166.667,1.312,0.0,0.0,0.0,0.936,2.954,3.528,5.993,5.035,1.574,0.894,3.305,2.34,4.184,4.078,
79,Goose liver,Organ Meat (Liver),71.8,471.631,58.156,15.177,4.433,22.411,0.0,152.482,108.156,85.106,925.532,815.603,496.454,10.887,26.667,0,0.241,1.993,3.163,23.05,21.915,2.695,2.617,0.0,0.191489362,109929.078,0.0,156.028,0.638,0.035,0.0,0.0,0.816,2.582,3.085,5.248,4.397,1.376,0.78,2.89,2.043,3.652,3.546,
80,Flaxseeds,Fiber,6.96,573.947,19.669,45.357,3.998,1.72,29.342,274.076,6.159,421.324,690.026,873.818,32.244,4.665,1.311,0,0.027,1.763,0.173,3.31,1.059,0.508,0.094,84.587,0.0,0.0,0.333,0.0,6.341,24.506,0.0,0.0,0.319,0.823,0.963,1.333,0.926,0.398,0.365,1.029,0.53,1.15,2.064,
26,Sardine with bones,Meat Group C,59.6,514.8515,60.89109,28.217821,8.366337,0.0,0.0,945.54456,7.2277226,96.53465347,1212.871287,982.6732673,759.9009901,3.242574257,0.46039604,0,0.130445545,0.198019802,0.561881188,12.97029703,1.589108911,0.413366337,0.024752475,185.6435644,0.022128713,267.3267327,5.04950495,477.7227723,8.762376238,1.232673267,1.170792079,1.25990099,0.683168317,2.673267327,2.797029703,4.95049505,5.594059406,1.804455446,0.653465347,2.378712871,2.056930693,3.143564356,3.638613861,1.5223
82,"Potatoes, no skin",Grain A,81.1,380.9524,9.5767,1.3757,4.709,80.5291,4.127,37.037,1.9577,117.9894,301.5873,2359.7884,10.582,1.9577,0.6878,0,0.0013,0.2698,0.0,8.3598,0.0,0.7672,0.0,0.0,0.0,0.0,0.0,0.0,0.0,0.0,0.0,0.0,0.0,0.0,0.0,0.0,0.0,0.0,0.0,0.0,0.0,0.0,0.0,
83,Eggshells ,Mineral Group A,0.0,0.0,3.931795386,0.351053159,94.89468405,0.0,0.0,34222.668,22.066,290.873,401.204,300.903,501.505,1.003,1.003,0,0.0,0.0,0.0,0.0,0.0,0.0,0.0,0.0,0.0,0.0,0.0,0.0,0.0,0.0,0.0,0.0,0.0,0.0,0.0,0.0,0.0,0.0,0.0,0.0,0.0,0.0,0.0,0.0
84,Calcium carbonate,Mineral Group A,0.0,0.0,0.0,0.0,100.0,0.0,0.0,40000.0,0.0,0.0,0.0,0.0,0.0,0.0,0.0,0,0.0,0.0,0.0,0.0,0.0,0.0,0.0,0.0,0.0,0.0,0.0,0.0,0.0,0.0,0.0,0.0,0.0,0.0,0.0,0.0,0.0,0.0,0.0,0.0,0.0,0.0,0.0,0.0
85,Bone meal ,Mineral Group B,0.0,0.0,0.0,0.0,100.0,0.0,0.0,30000.0,0.0,286.0,12000.0,0.0,0.0,0.0,0.0,0,0.0,0.0,0.0,0.0,0.0,0.0,0.0,0.0,0.0,0.0,0.0,0.0,0.0,0.0,0.0,0.0,0.0,0.0,0.0,0.0,0.0,0.0,0.0,0.0,0.0,0.0,0.0,0.0
86,Dry blood meal ,Mineral Group B,0.0,328.694,93.897,2.034,3.319,0.0,0.0,331.906,220.557,214.133,224.839,385.439,386.51,2.463,1.178,0,0.0,0.0,0.0,0.0,0.0,0.0,0.0,0.0,0.0,0.0,0.0,0.0,0.0,0.0,0.0,0.0,0.0,0.0,0.0,0.0,0.0,0.0,0.0,0.0,0.0,0.0,0.0,2.3474
87,"Sweet potatoes, with  skin",Grain A,77.3,378.8546256,6.916299559,0.220264317,4.36123348,75.33039648,13.21585903,132.1585903,2.68722467,110.1321586,207.0484581,1484.581498,242.2907489,1.321585903,0.665198238,0,0.002643172,0.343612335,0.268722467,2.453744493,3.524229075,0.920704846,0.04845815,54.18502203,0.0,62555.06608,1.145374449,0.0,0.057268722,0.004405286,0.0,0.0,0.136563877,0.365638767,0.242290749,0.405286344,0.290748899,0.127753304,0.0969163,0.392070485,0.149779736,0.378854626,0.242290749,
88,Canola Oil,Oil,0.0,884.0,0.0,0.0,0.0,0.0,0.0,0.0,0.0,0.0,0.0,0.0,0.0,0.0,0.0,0,0.0,0.0,0.0,0.0,0.0,0.0,0.0,0.0,0.0,0.0,17.5,0.0,19.0,9.14,0.0,0.0,0.0,0.0,0.0,0.0,0.0,0.0,0.0,0.0,0.0,0.0,0.0,
89,Yogurt,Fruit,85.3,523.8095238,25.98639456,30.47619048,5.782312925,37.89115646,0.0,863.9455782,0.680272109,77.55102041,687.0748299,1115.646259,285.7142857,2.925170068,0.020408163,0,1.5e-05,0.37414966,1.653061224,0.918367347,0.510204082,0.306122449,4.7619e-05,103.4013605,2.52e-06,768.707483,0.408163265,211.5646259,0.557823129,0.183673469,0.0,0.0,0.136054422,0.965986395,1.285714286,2.380952381,2.115646259,0.693877551,0.217687075,1.285714286,1.19047619,1.952380952,0.707482993,
90,Buckwheat,Grain A,9.75,380.0554,14.626,3.7673,2.3269,68.144,11.0803,19.9446,2.4377,255.9557,384.4875,509.6953,1.108,2.6593,1.2188,0,0.0092,0.1119,0.4709,7.7784,1.3629,0.2327,0.0332,0.0,0.0,0.0,0.0,0.0,1.0648,0.0864,0.0,0.0,0.2127,0.5607,0.5518,0.9219,0.7446,0.1906,0.2537,0.5762,0.267,0.7512,1.0881,
91,Lard (pork fat),Oil,0.0,902.0,0.0,100.0,0.0,0.0,0.0,0.0,0.0,0.0,0.0,0.0,0.0,0.11,0.0,0,0.0,0.0,0.0,0.0,0.0,0.0,0.0,0.0,0.0,0.0,0.0,102.0,10.2,1.0,0.0,0.0,0.0,0.0,0.0,0.0,0.0,0.0,0.0,0.0,0.0,0.0,0.0,
92,Beef tallow (fat),Oil,0.0,902.0,0.0,100.0,0.0,0.0,0.0,0.0,0.0,0.0,0.0,0.0,0.0,0.0,0.0,0,0.0,0.0,0.0,0.0,0.0,0.0,0.0,0.0,0.0,0.0,2.7,28.0,3.1,0.6,0.0,0.0,0.0,0.0,0.0,0.0,0.0,0.0,0.0,0.0,0.0,0.0,0.0,
93,Chicken fat,Oil,0.0,900.0,0.0,100.0,0.0,0.0,0.0,0.0,0.0,0.0,0.0,0.0,0.0,0.0,0.0,0,0.0,0.0,0.0,0.0,0.0,0.0,0.0,0.0,0.0,0.0,2.7,191.0,19.5,1.0,0.0,0.0,0.0,0.0,0.0,0.0,0.0,0.0,0.0,0.0,0.0,0.0,0.0,
17,"Duck breast, no skin",Meat Group A,75.5,502.0408,80.81633,17.34694,5.428571,0.0,0.0,12.244898,18.408163,89.79591837,759.1836735,1093.877551,232.6530612,3.020408163,1.346938776,0,0.056734694,1.697959184,1.265306122,14.04081633,3.142857143,2.571428571,0.102040816,0.0,0.003102041,216.3265306,0.107,0.0,2.081632653,0.285714286,0.0,0.0,1.126530612,3.46122449,4.163265306,6.857142857,6.93877551,2.191836735,1.244897959,3.395918367,3.085714286,4.244897959,5.183673469,2.0204
20,"Rabbit meat, no skin",Meat Group A,74.5,447.05884,85.4902,9.09804,4.392157,0.0,0.0,47.058823,12.54902,113.7254902,886.2745098,1482.352941,196.0784314,0.0,0.0,0,0.036862745,0.117647059,0.235294118,25.49019608,0.0,0.0,0.04,0.0,0.0,0.0,0.136,0.0,1.411764706,0.352941176,0.0,0.0,1.129411765,3.823529412,4.039215686,6.666666667,7.490196078,2.137254902,1.074509804,3.509803922,3.043137255,4.352941176,5.294117647,2.1373
112,"Beef, ribeye steak",Meat Group B,61.9,666.6667,45.144356,52.49344,2.2047243,0.0,0.0,47.244095,5.0918636,44.61942257,414.6981627,708.6614173,173.2283465,10.97112861,0.160104987,0,0.039370079,0.112860892,0.396325459,11.1023622,1.307086614,0.847769029,0.018372703,148.0314961,0.005616798,36.74540682,0.446194226,7.874015748,1.102362205,0.170603675,0.0,0.0,0.228346457,1.745406824,1.992125984,3.517060367,3.727034121,1.160104987,0.464566929,1.758530184,1.385826772,2.215223097,2.939632546,1.1286
113,"Beef, chunk steak",Meat Group B,61.9,666.6667,45.144356,52.49344,2.2047243,0.0,0.0,47.244095,5.0918636,44.61942257,414.6981627,708.6614173,173.2283465,10.97112861,0.160104987,0,0.039370079,0.112860892,0.396325459,11.1023622,1.307086614,0.847769029,0.018372703,148.0314961,0.005616798,36.74540682,0.446194226,7.874015748,1.102362205,0.170603675,0.0,0.0,0.228346457,1.745406824,1.992125984,3.517060367,3.727034121,1.160104987,0.464566929,1.758530184,1.385826772,2.215223097,2.939632546,1.1286
64,Lamb ground meat,Meat Group B,59.5,696.2962963,40.98765432,57.77777778,2.148148148,0.0,0.0,39.50617284,3.827160494,51.85185185,387.654321,548.1481481,145.6790123,8.419753086,0.249382716,0,0.046419753,0.271604938,0.518518519,14.71604938,1.604938272,0.320987654,0.044444444,171.1111111,0.005703704,0.0,0.49382716,4.938271605,3.358024691,1.037037037,0.0,0.0,0.47654321,1.750617284,1.972839506,3.185185185,3.604938272,1.049382716,0.488888889,1.664197531,1.372839506,2.204938272,2.42962963,1.0247
23,"Quail meat, with skin",Meat Group B,69.6,631.5789,64.47369,39.473682,2.9605262,0.0,0.0,42.763157,13.059211,75.65789474,904.6052632,710.5263158,174.3421053,7.960526316,1.667763158,0,0.054605263,0.802631579,0.855263158,24.80263158,2.539473684,1.973684211,0.026315789,0.0,0.001414474,799.3421053,0.202,0.0,7.565789474,1.381578947,0.032894737,0.0,0.947368421,3.108552632,3.322368421,5.296052632,5.394736842,1.944078947,1.118421053,2.717105263,2.792763158,3.388157895,4.210526316,1.6118
19,"Quail meat, no skin",Meat Group A,70.0,446.66666,72.666664,15.1,4.4,0.0,0.0,43.333332,15.033334,83.33333333,1023.333333,790.0,170.0,9.0,1.98,0,0.058,0.943333333,0.95,27.33333333,2.623333333,1.766666667,0.023333333,0.0,0.001566667,190.0,0.125,0.0,3.1,0.066666667,0.033333333,0.0,1.136666667,3.633333333,3.966666667,6.233333333,6.333333333,2.296666667,1.266666667,3.146666667,3.366666667,3.933333333,4.6,1.8167
25,Ostrich ground meat,Meat Group B,71.1,570.93427,69.896194,30.103806,2.5259516,0.0,0.0,24.221453,10.069204,69.20415225,688.5813149,1006.920415,249.1349481,12.14532872,0.442906574,0,0.114186851,0.629757785,0.923875433,15.15570934,3.737024221,1.643598616,0.024221453,0.0,0.015951557,0.0,0.830449827,0.0,2.688581315,0.193771626,0.0,0.0,0.62283737,3.069204152,3.325259516,5.674740484,6.15916955,1.955017301,0.719723183,2.885813149,2.273356401,3.453287197,4.775086505,1.7474
28,Deer ground meat,Meat Group C,71.2,545.1389,75.69444,24.756945,3.0555556,0.0,0.0,38.194443,10.138889,72.91666667,697.9166667,1145.833333,260.4166667,14.58333333,0.486111111,0,0.034722222,1.899305556,0.996527778,19.79166667,2.395833333,1.611111111,0.013888889,305.2083333,0.006493056,0.0,1.5625,0.0,0.78125,0.361111111,0.0,0.0,0.666666667,2.840277778,3.225694444,5.694444444,6.111111111,1.753472222,0.701388889,2.840277778,2.347222222,3.645833333,4.479166667,1.8924
70,Bison,Meat Group C,71.6,514.084507,71.12676056,25.38732394,3.204225352,0.176056338,0.0,38.73239437,9.788732394,73.94366197,683.0985915,1154.929577,246.4788732,16.16197183,0.492957746,0,0.070422535,0.496478873,0.866197183,18.73239437,0.0,1.348591549,0.042253521,302.1126761,0.006830986,0.0,0.669014085,0.0,0.919014085,0.133802817,0.0,0.0,0.538732394,3.232394366,3.440140845,6.126760563,6.61971831,1.926056338,0.848591549,1.76056338,3.024647887,3.838028169,4.85915493,
122,Oatmeal (dry),Grain B,8.8,402.412,17.544,6.908,2.083,62.719,10.746,57.018,4.66,162.281,519.737,383.772,4.386,3.366,0.429,0,0.032,0.8,0.154,0.855,0.855,0.132,0.035,0.0,0.0,0.0,0.515,0.0,2.412,0.11,0.0,0.0,0.2,0.419,0.552,1.075,0.698,0.227,0.499,0.729,0.433,0.754,0.932,
123,Natto (fermented soybeans),Fiber,55.0,468.88,43.11,24.44,4.22,16.22,12.0,482.22,0.02,255.56,386.67,1620.0,15.56,6.73,1.48,0,0.02,0.36,0.42,0.0,0.48,0.29,17.78,126.67,0.0,0.0,0.02,0.0,12.18,1.63,0.0,0.0,0.5,1.81,2.07,3.36,2.53,0.46,0.49,2.09,1.24,2.27,2.02,
127,Kangaroo,Meat Group A,75.8,421.488,92.975,4.132,4.545,0.0,0.0,16.529,12.81,95.041,785.124,1446.281,165.289,10.744,0.661,0,0.05,0.537,0.95,16.529,3.512,0.62,0.0,0.0,0.005,0.0,1.24,8.264,0.744,0.207,0.0,0.0,1.07,4.0,5.302,7.624,6.975,2.169,0.496,3.264,2.562,5.021,5.674,
125,"Ostrich, tenderloin",Meat Group A,74.5,482.353,86.667,12.51,2.863,0.0,0.0,23.529,19.137,86.275,862.745,1254.902,337.255,15.176,0.553,0,0.143,0.776,1.141,18.745,4.627,2.035,0.031,0.0,0.02,0.0,0.824,0.0,1.882,0.157,0.0,0.0,0.773,3.796,4.118,7.02,7.647,2.42,0.89,3.573,2.816,4.275,5.922,
18,Egg white,Meat Group A,87.6,419.35483,87.90323,1.3709677,5.080645,5.887097,0.0,56.451614,0.6451613,88.70967742,120.9677419,1314.516129,1338.709677,0.241935484,0.185483871,0,0.161290323,0.032258065,3.540322581,0.846774194,1.532258065,0.040322581,0.032258065,8.870967742,0.000725806,0.0,0.0,0.0,0.0,0.0,0.0,0.0,1.008064516,3.620967742,5.330645161,8.225806452,6.5,3.217741935,2.314516129,5.532258065,3.685483871,6.524193548,5.225806452,2.1976
